nombre;codigo;;
NO DEFINIDO;0;VALLE GRANDE;39
BOSQUES DE PINARES;1;ULPIANO LLOREDA;1301
MIRALINDO;2;SILOE;2003
LA CEIBITA;3;VILLA SAN MARCOS;1408
PUBENZA;4;TERRON COLORADO;101
FINCA EL PILAMO;5;TERRON COLORADO;101
COLOMBIA II ETAPA;9;LOS LAGOS;1395
PILAS DEL CABUYAL;10;DECEPAZ;10004
VILLA DEL PARQUE;11;CIUDADELA FLORALIA;610
SAN MATEO;12;DESEPAZ;2146
LA LAGUNA;13;SAN PEDRO CLAVER;8573
VILLA AURORA;14;PETECUY;605
CASAVIANCA;18;JOSE MANUEL MARROQUIN I ETAPA;1406
SECTOR FEDERACION;19;SAN LUIS;8313
BOITA;20;FLORALIA;9849
SANTANITA;21;EL JORDAN;1815
VILLA DIANA;22;MARROQUIN II ETAPA;1407
LOS CONSTRUCTORES;23;MARIANO RAMOS;1601
VILLA DEL VIENTO;24;SILOE;2003
VILLA FLOR II;25;MANUELA BELTRAN;1403
REAL POMONA;26;MARROQUIN III;1394
CAMPO NU—EZ;27;SANTA MONICA;8185
VILLA DEL MAR;28;;
DON BOSCO;29;;
ANDRES SANIN;30;;
GUSTAVO RESTREPO;31;;
ARISMENDI;32;;
MISTARES;33;;
MONCALEANO;34;;
RAFAEL RAMIREZ;35;;
VILLA MERCEDES;36;;
ACEQUIARRIBA;37;;
VILLALOLA;38;;
VALLE GRANDE;39;;
EL MENTIDERO;40;;
LIMONCITO;41;;
TAGANGA;42;;
SAMARIA EL POBLADO;43;;
TERRON COLORADO;101;;
VISTAHERMOSA;102;;
LA FORTUNA;103;;
LA LEGUA;197;;
PALEMO;198;;
AGUACATAL;199;;
SANTA TERESITA;202;;
ARBOLEDAS;203;;
NORMANDIA;204;;
JUANAMBU;205;;
GRANADA;207;;
SAN VICENTE;209;;
LA FLORA;212;;
MENGA;216;;
CIUDADELA LOS ALAMOS;217;;
CHIPICHAPE;218;;
BAJO MENGA;219;;
URBANIZACION LA MERCED;293;;
VIPASA;294;;
URBANIZACION LA FLORA;295;;
ALTOS DE MENGA;296;;
SECTOR ALTOS NORMANDIABATACLAN;297;;
AREA LIBRE PARQUE DEL AMOR;298;;
EL NACIONAL;301;;
EL PE—ON;302;;
SAN CALLETANO;304;;
LOS LIBERTADORES;305;;
SAN JUAN BOSCO;306;;
SANTA ROSA;307;;
SAN PASCUAL;309;;
EL CALVARIO;310;;
SAN NICOLAS;312;;
EL HOYO;313;;
EL PILOTO;314;;
NAVARRO-LA CHANCA;315;;
ACUEDUCTO SAN ANTONIO;316;;
JORGE ISAACS;401;;
MANZANARES;405;;
SALOMIA;406;;
SULTANA-BERLIN;408;;
IGNACIO RENGIFO;411;;
GUILLERMO VALENCIA;412;;
LA ISLA;413;;
MARCO FIDEL SUAREZ;414;;
EVARISTO GARCIA;415;;
LA ESMERALDA;416;;
UNIDAD RES BUENO MADRID;419;;
FLORA INDUSTRIAL;420;;
CALIMA;421;;
SECTOR CALIMA LA 14;422;;
INDUSTRIAS DE LICORES;423;;
LA ALIANZA;497;;
EL SENA;501;;
LOS ANDES;502;;
LOS GUAYACANES;503;;
METROPOLITANO DEL NORTE;506;;
VILLA DEL PRADO;507;;
VILLAS DE VERACRUZ;508;;
NUEVA SALOMIA;509;;
URBANIZACION EL SAMAN;510;;
BRISAS DE LOS ANDES;511;;
PALMERAS DEL NORTE;512;;
BRISAS DEL GUABITO;513;;
LOS PARQUES BARRANQUILA;594;;
VILLA DEL SOL;595;;
PASEO DE LOS ALMENDROS;596;;
TORRES DE CONFANDI;598;;
SECTOR TRANSITO MUNICIPAL;599;;
PASEO DEL COMERCIO;603;;
PETECUY;605;;
CIUDADELA FLORALIA;610;;
BRISAS DE LOS ALAMOS;611;;
LARES DE COMFENALCO;612;;
LA PORTADA DE COMFANDI;613;;
SECTOR EL JARILLON;614;;
OASIS DE COMFANDI;615;;
QUINTAS DE SALOMIA;617;;
TEJARES DE SALOMIA;618;;
SAN LUISITO;619;;
SOLARES DE COMFANDI;620;;
FONAVIEMCALI;695;;
ACOPI;696;;
URBANIZACION CALIMIO;697;;
SECTOR PUENTE DEL COMERCIO;698;;
PUERTO NUEVO;704;;
PUERTO MALLARINO;705;;
URBANIZACION EL ANGEL DELHOGAR;706;;
SIETE DE AGOSTO;707;;
SAN MARINO;709;;
LAS CEIBAS;710;;
BASE AEREA;711;;
CALIBELLA;712;;
FEPICOL;798;;
PRIMITIVO CRESPO;801;;
SAAVEDRA GALINDO;803;;
SANTA MONICA POPULAR;805;;
LA FLORESTA;806;;
BENJAMIN HERRERA;807;;
EL TRONCAL;810;;
ATANASIO GIRARDOT;812;;
SANTE FE;813;;
VILLACOLOMBIA;815;;
EL TREBOL;816;;
EL TECLADO;817;;
URB LA BASE-TALLERES MPIO;818;;
URBANIZACION NUEVA BASE;819;;
ALAMEDA;901;;
BRETA—A;902;;
JUNIN;903;;
GUAYAQUIL.;904;;
ARANJUEZ;905;;
MANUEL MARIA BUENAVENTURA;906;;
SANTA MONICA BELALCAZAR;907;;
BELACAZAR;908;;
SUCRE;909;;
COLSEGUROS;911;;
EL GUABAL;1002;;
SANTA ELENA;1004;;
SANTO DOMINGO;1006;;
JORGE ZAWASDZKY;1007;;
LA SELVA;1010;;
PASOANCHO;1012;;
COLSEGUROS ANDES;1014;;
SAN CRISTOBAL;1015;;
LAS GRANJAS;1016;;
SAN JUDAS TADEO;1017;;
ALHAMBRA;1019;;
URB BOYACA;1105;;
EL RECUERDO;1108;;
AGUABLANCA;1109;;
EL PRADO;1110;;
PRADOS DE ORIENTE;1112;;
JOSE HOLGUIN GARCES;1115;;
LEON XIII;1116;;
JOSE MARIA CORDOBA;1117;;
LOS CONQUISTADORES;1119;;
LA GRAN COLOMBIA;1120;;
SAN BENITO;1121;;
PRIMAVERA;1122;;
ASTURIAS;1202;;
EDUARDO SANTOS;1203;;
ALFONSO BARBERENA;1204;;
EL PARAISO;1205;;
FENALCO KENEDY;1206;;
NUEVA FLORESTA DEL ICT;1207;;
JULIO RINCON;1208;;
EL RODEO;1210;;
SINDICAL;1211;;
BELLO HORIZONTE;1212;;
ULPIANO LLOREDA;1301;;
EL VERGEL;1302;;
EL POBLADO;1303;;
LOS COMUNEROS II ETAPA;1305;;
RICARDO BALCAZAR;1306;;
OMAR TORRIJOS;1307;;
EL DIAMANTE;1308;;
LLERAS RESTREPO;1309;;
VILLA DEL LAGO;1310;;
LOS ROBLES;1311;;
RODRIGO LARA BONILLA;1312;;
CHARCO AZUL;1313;;
VILLA BLANCA;1314;;
CALIPSO;1315;;
NUEVO HORIZONTE;1316;;
BELISARIO BETANCURT;1317;;
YIRA CASTRO;1390;;
LLERAS-CINTALARGA;1393;;
MARROQUIN III;1394;;
LOS LAGOS;1395;;
SECTOR LAGUNA DEL PONDAJE;1397;;
EL PONDAJE;1398;;
SECTOR ASPROSOCIAL-DIAMANTE;1399;;
ALFOSO BONILLA ARAGON;1401;;
ALIRIO MORA BELTRAN;1402;;
MANUELA BELTRAN;1403;;
LAS ORQUIDEAS;1404;;
JOSE MANUEL MARROQUIN I ETAPA;1406;;
MARROQUIN II ETAPA;1407;;
VILLA SAN MARCOS;1408;;
PUERTA DEL SOL;1495;;
LOS NARANJOS;1496;;
PROMOCIONES POPULARES B;1498;;
LOS COMUNEROS I ETAPA;1502;;
LAUREANO GOMEZ;1503;;
EL VALLADO;1504;;
MORICHAL-COMFANDI;1505;;
INURVE;1506;;
TAIRONA;1507;;
CIUDAD CORDOBA;1596;;
MOJICA;1598;;
BAJOS CIUDAD CORDOBA;1599;;
MARIANO RAMOS;1601;;
REPUBLICA DE ISRAEL;1602;;
UNION DE VIVIENDA POPULAR;1603;;
BRISAS DEL LIMONAR;1605;;
PORTAL DE SAJONIA;1610;;
ZONA DE RESERVA AGRICOLA;1696;;
CIUDAD 2OOO;1697;;
LA ALBORADA;1698;;
LA PLAYA;1701;;
CIUDADELA COMFANDI;1703;;
URBANIZACION CIUDAD JARDIN;1704;;
CIUDAD UNIVERSITARIA;1705;;
CLUB CAMPESTRE;1706;;
VILLAS DE GUADALUPE;1707;;
SAMANES DE GUADALUPE;1708;;
BLOQUES DEL LIMONAR;1710;;
CIUDADELA EL BOSQUE;1711;;
CANEY;1774;;
LILI;1775;;
SANTA ANITA-LA SELVA;1778;;
EL INGENIO;1780;;
MAPAYAN LAS VEGAS;1781;;
LAS QUINTAS DE DON SIMON;1782;;
CIUDAD CAPRI;1783;;
LA HACIENDA;1784;;
LOS PORTALES-NUEVO REY;1785;;
CA—AVERALES-LOS SAMANES;1786;;
BOSQUES DEL LIMONAR;1788;;
EL GRAN LIMONAR-CATAYA;1789;;
EL GRAN LIMONAR;1790;;
UNICENTRO CALI;1791;;
PARCELACIONES PANCE;1792;;
CIUDADELA PASOANCHO;1793;;
PRADOS DEL LIMONAR;1794;;
URBANIZACION SAN JOAQUIN;1796;;
URBANIZACION RIO LILI;1797;;
LAS CAMELIAS;1798;;
MELENDEZ;1804;;
LOS FARALLONES;1805;;
FRANCISCO ELADIO RAMIREZ;1807;;
PRADOS DEL SUR;1808;;
HORIZONTES;1809;;
MARIO CORREA RENGIFO;1810;;
COLINA DEL SUR;1812;;
ALFEREZ REAL;1813;;
NAPOLES;1814;;
EL JORDAN;1815;;
CUARTELES NAPOLES;1816;;
CATALINA;1817;;
ALTO NAPOLES-BUITRERA;1893;;
SECTOR MELEDEZ;1896;;
SECTOR ALTO JORDAN;1897;;
ALTO NAPOLES;1898;;
LA CASCADA;1902;;
EL LIDO;1903;;
URBANIZACION TEQUENDAMA;1904;;
SAN FERNANDO NUEVO;1906;;
URBANIZACION NUEVA GRANADA;1907;;
SAN FERNANDO VIEJO;1910;;
3 DE JULIO;1912;;
EL CEDRO;1913;;
CHAMPAG—AT;1914;;
URBANIZACION COLSEGUROS;1915;;
EL MORTI—AL;1917;;
URBANIZACION MILITAR;1918;;
CUARTO DE LEGUA-GUADALUPE;1919;;
U DEP PANAMERICANA-ANT HIPDR;1920;;
EL TEMPLETE;1921;;
URBANIZACION NIZA;1922;;
RIVERAS DEL RIO;1923;;
SECTOR LOS MANGOS;1980;;
TEJARES - CRISTALES;1983;;
UNIDAD RES SANTIAGO DE CALI;1984;;
UNIDAD RESIDENCIAL EL COLISEO;1985;;
NUEVA TEQUENDAMA;1987;;
CA—AVERALEJO-SEGUROS PATRIA;1988;;
CAMINO REAL J BORRERO S;1989;;
CAMINO REAL- LOS FUNDADORES;1990;;
SECTOR LA LUISA;1991;;
CA—AVERAL-BELLA SUIZA;1992;;
SEMINARIO;1993;;
PAMPA LINDA;1994;;
SECTOR CA—AVERALEJO GUADALUPE;1995;;
SECTOR LA SIRENA;1996;;
SECTOR BOSQUE MUNICIPAL;1997;;
U DEP A GALINDO-PLAZA DE TOROS;1999;;
EL CORTIJO;2001;;
BELISARIO CAICEDO;2002;;
SILOE;2003;;
LLERAS CAMARGO;2004;;
BRISAS DE MAYO;2006;;
TIERRA BLANCA;2007;;
VENEZUELA-URB CA—AVERALEJO;2098;;
PARCELACION MONACO-LA SULTANA;2099;;
LIDERES;2102;;
REMANSO DE CONFAMDI;2103;;
SANTIAGO DE CALI;2104;;
PIZAMOS;2105;;
CIUDADELA DEL RIO;2106;;
CALIMIO-DESEPAZ;2107;;
SOL DE ORIENTE;2108;;
TALANGA;2133;;
DESEPAZ;2146;;
URBANIZACION GUALANDAY;2150;;
VILLA LUZ;2175;;
CIUDADELA INVICALI;2190;;
COMPARTIR;2194;;
NAVARRO(MORGAN);5101;;
EL BASURO;5102;;
EL ESTERO;5103;;
EL HORMIGUERO;5201;;
MORGAN;5202;;
LA PAILA;5203;;
LA PAILITA;5204;;
VALLE DEL LILI;5205;;
PIEDRA GRANDE;5207;;
CAUCA SECO;5208;;
EL BOQUERON;5209;;
BRISAS DEL CAUCA;5210;;
CAUCA VIEJO;5212;;
PARCELACIONES ZONA PLANA;5299;;
LA VORAGINE;5301;;
PANCE;5302;;
EL TRUENO;5305;;
LA VIGA;5307;;
EL PATO;5308;;
EL TOPACIO;5310;;
EL BANQUEO;5313;;
EL BANCO;5315;;
PICO AGUILA;5319;;
PARCELACIONES CERRO;5398;;
EL CRUCERO;5402;;
ALTO POLVORINES;5404;;
LOS CERROS;5406;;
LA RIVERITA;5410;;
EL OTO—O;5413;;
LOMA LINDA;5415;;
ANCHICAYA;5416;;
ALTO LOS CHORROS;5495;;
ALTO MELENDEZ;5496;;
PARCELACIONES CERROS;5497;;
ALTO EL CERRO DE LA BANDERA;5498;;
PARCELA C CERROS CA—AVERALEJO;5499;;
LA SIRENA;5501;;
LA FONDA;5502;;
VILLACARMELO;5503;;
ALTO DE IGLESIAS;5504;;
EL CARMELO (EL CARMEN);5505;;
LA CANDELARIA;5507;;
EL MINUTO;5508;AMPARO;
SECTOR CA—AVERALEJO SUR;5599;;
EL FARO;5601;;
ALTOS DEL BOSQUE;5604;;
EL MAMEYAL;5606;;
EL CABUYAL;5607;;
VENTILADORES;5608;;
QUEBRADA HONDA;5609;;
LA TULIA;5610;;
LA REFORMA;5611;;
LOS MANGOS;5612;;
ALTO DE LOS MANGOS;5613;;
CARPATOS;5614;;
BRISAS DE LOS CRISTALES;5615;;
SECTOR CA—AVERALEJO NORTE;5697;;
SECTOR CRISTO REY BAJO;5698;;
SECTOR CRISTO REY ALTO;5699;;
PICHINDE;5701;;
PE—AS BLANCAS;5702;;
LA LEONORA;5801;;
LOMA DE LA CAJITA;5802;;
LOMA DE LA CAJA;5803;;
PAJUIL;5804;;
LA ASCENCION;5901;;
FELIDIA;5904;;
EL CEDRAL;5906;;
CABA—AS DE CARVAJAL;5907;;
SALADITO;6001;;
LA ORQUETA;6004;;
MONTA—ITAS;6005;;
KILOMETRO 1O;6006;;
KILOMETRO 11;6007;;
VUELTA DEL CEREZO;6008;;
EL PALOMAR;6009;;
EL LIBANO;6010;;
ALTO DE LAS CRUCES;6011;;
ALTO AGUACATAL;6104;;
KILOMETRO 18 (VIA AL MAR );6105;;
EL AGUACATAL;6106;;
LA CASTILLA;6201;;
PARTE ALTA DEL RIO AGUACATAL;6202;;
LIMONES;6204;;
BOSQUE CERRO MARROQUIN;6205;;
BAJO AGUACATAL;6207;;
LOMITAS;6303;;
COMUNEROS;6371;;
GUACAS;6402;;
GOLONDRINAS;6501;;
EL FILO;6502;;
FRAGUA;6504;;
SECTOR TRES CRUCES ALTOS;6598;;
SECTOR TRES CRUCES BAJOS;6599;;
EL MOLINO;8001;;
LA REVOLUCION;8002;;
SANTIAGO VERGARA CRESPO;8003;;
ALTO BONITO;8004;;
URBANIZACION SAN VICENTE;8006;;
URBANIZACION CLUB DE LEONES;8007;;
URBANIZACION ALTO DEL GUADALAJARA I;8008;;
URBANIZACION ALTO DEL GUADALAJARA II;8009;;
URBANIZACION LOS ALMENDROS;8010;;
URBANIZACION ALTAMIRA;8011;;
FUENMAYOR;8015;;
URBANIZACION BELLO HORIZONTE;8016;;
URBANIZACION COOVIPROF;8017;;
URBANIZACION LAS PALMITAS;8018;;
EL DIVINO NI—O;8019;;
PALOBLANCO;8021;;
URBANIZACION LA CONCORDIA;8023;;
URBANIZACION VALLE REAL;8024;;
RICAURTE;8025;;
JOSE MARIA CABAL;8026;;
AURES;8029;;
URBANIZACION PRADOS DE LA JULIA;8030;;
URBANIZACION PRADOS DEL SUR;8031;;
URBANIZACION PORTALES DEL RIO;8032;;
URBANIZACION SANTA RITA;8033;;
LA VENTURA;8034;;
MARIA LUISA DE LA ESPADA;8036;;
LA HONDA;8039;;
URBANIZACION CARACOLI;8041;;
URBANIZACION LOS ROSALES;8042;;
URBANIZACION EL EDEN;8043;;
URBANIZACION BALBOA;8044;;
URBANIZACION CIUDADELA COMFENALCO;8045;;
EL CARMELO;8047;;
STAMBUL;8048;;
EL ALBERGUE;8049;;
LA GERENCIA;8050;;
LAS CARMELITAS;8051;;
LA CAMELIA;8052;;
LA CIUDADELA;8054;;
EL RECREO;8059;;
LOS FUNDADORES;8060;;
DANIEL GUTIERREZ Y ARANGO;8061;;
VALLE DEL CAUCA;8062;;
MARIA INMACULADA;8063;;
ZU—IGA;8064;;
ORTEZ;8065;;
BRISAS DEL RIO;8066;;
LA PLATANERA;8068;;
LOS ALPES;8070;;
CONDOMINIO LA MILAGROSA;8072;;
URBANIZACION SAN FRANCISCO;8073;;
LA ARENERA;8074;;
COLLAREJO;8076;;
URBANIZACION SAN FERNANDO;8078;;
CHAVARRIAGA WILKIN;8081;;
EL CAMELLON DEL QUINDIO;8082;;
URBANIZACION BELLAVISTA;8084;;
VERACRUZ;8085;;
EL POLO;8086;;
FABIO SALAZAR;8087;;
SUIZO;8090;;
LAS COLINAS;8091;;
EL GUADUAL;8092;;
MELQUISEDEC;8093;;
URBANIZACION LA CRISTINA;8097;;
URBANIZACION EL DIVINO NI—O;8098;;
URBANIZACION LOS PINOS;8100;;
URBANIZACION LA VI—A;8101;;
URBANIZACION PAMPALINDA;8102;;
CARLOS H. TRUJILLO;8104;;
CONDOMINIO SANTA BARBARA;8105;;
SAN JERONIMO;8106;;
URBANIZACION LA PLAZUELA;8107;;
CONDOMINIO IPANEMA;8108;;
CONDOMINIO VILLA MARTHA;8109;;
CONDOMINIO LOS CRISTALES;8110;;
CONDOMINIO EL RETIRO;8111;;
SAN JUAN DE LA CRUZ;8112;;
EL ROSARIO;8113;;
URBANIZACION LA PRADERA;8114;;
CONDOMINIO SAN MARCOS;8115;;
URBANIZACION LOS CAMINOS;8116;;
URBANIZACION CAMILO TORRES;8117;;
LOS CHORROS;8119;;
URBANIZACION LA FRESNEDA 1;8120;;
URBANIZACION SANTA ROSA DE LIMA;8122;;
EL CIPRES;8123;;
URBANIZACION SAN AGUSTIN;8124;;
URBANIZACION SANTA HELENA;8125;;
URBANIZACION EL ROBLE;8126;;
ROBERTULIO LORA;8127;;
CARACOLI;8128;;
URBANIZACION EL POBLADO;8130;;
CONDOMINIO BOSQUES DE LOS LAGOS;8131;;
CONDOMINIO LOS LAGOS;8132;;
CONDOMINIO LOS LAGUITOS;8133;;
TORRE LA VEGA;8134;;
URBANIZACION VILLAS DEL SAMAN;8135;;
URBANIZACION VILLA MARCELA;8136;;
CONDOMINIO LOS SAMANES;8137;;
JUAN XXIII SEGUNDA ETAPA;8139;;
BOTERO OBYRNE;8141;;
REPUBLICA DE FRANCIA;8142;;
FLOR DE DAMAS;8143;;
EMPRESAS MUNICIPALES;8145;;
URBANIZACION VILLA DEL MAR;8146;;
CONDOMINIO LA CASCADA;8150;;
LA CASTELLANA;8151;;
EL PALATINO;8152;;
CONDOMINIO QUINTAS DE NAVARRA;8154;;
JUAN XXIII PRIMERA ETAPA;8155;;
GUADALUPE;8158;;
LA ISLETA;8159;;
CONDOMINIO EL CARMEN;8162;;
LA ISABELA;8164;;
CONDOMINIO LA ISABELA;8165;;
CONDOMINIO VILLA DEL RIO;8166;;
PRADO NORTE;8167;;
URBANIZACION TORRES DEL SOL;8168;;
CONDOMINIO TORRE MOLINOS;8169;;
CONDOMINIO ALTAMAR CLUB;8170;;
CONDOMINIO FLAMINGO;8171;;
URBANIZACION ENTRE RIOS;8172;;
URBANIZACION PRADO VERDE;8173;;
URBANIZACION PRADO ALTO;8174;;
VILLA HELENA;8175;;
URBANIZACION MONTE VERDE;8176;;
URBANIZACION SANTA LUCIA;8177;;
CONDOMINIO SANTA ANA DE LOS CABALLEROS;8178;;
CONDOMINIO BALCONES DE SANTA LUCIA;8179;;
LA INDEPENDENCIA;8181;;
CONDOMINIO LAS AMERICAS;8182;;
EL LLANO;8183;;
MARISCAL ROBLEDO;8184;;
SANTA MONICA;8185;;
CUCHARA LARGA;8186;;
URBANIZACION VILLA BIVIANA;8187;;
LAURELES;8188;;
CONDOMINIO QUINTAS DE ESTEBAN;8189;;
LOS ANGELES;8190;;
URBANIZACION ARGOS;8191;;
URBANIZACION VILLA CAROLINA;8192;;
URBANIZACION PORTAL DE KYRENIA;8193;;
PINARES;8194;;
SANTA MARIA;8195;;
LA EPIFANIA ETAPA I;8196;;
LA PAZ;8197;;
URBANIZACION PORTAL DE LOS ALAMOS ETAPA I;8198;;
URBANIZACION PORTAL DE LOS ALAMOS ETAPA II;8199;;
URBANIZACION PORTAL DE LOS ALAMOS ETAPA III;8200;;
PRADO OCCIDENTAL;8201;;
SAN GABRIEL;8202;;
GUAYACANES;8203;;
URBANIZACION VILLA LORENA;8204;;
URBANIZACION VILLA JULIANA;8205;;
URBANIZACION LAS ACACIAS;8206;;
URBANIZACION LA ESPA—OLA;8207;;
CONDOMINIO VILLA DE SANTA MARIA;8208;;
URBANIZACION PRAGA;8209;;
URBANIZACION SANTA MARIA REAL;8210;;
URBANIZACION CHIMINANGOS;8211;;
LA EPIFANIA ETAPA II;8212;;
LA EPIFANIA ETAPA III;8213;;
URBANIZACION GRUPO DE LOS 6O;8214;;
LOS CAMBULOS;8215;;
URBANIZACION LAS PALMAS;8216;;
CONDOMINIO VILLA DEL ROBLE;8217;;
URBANIZACION VILLA AMALIA;8218;;
PRIMERO DE MAYO;8219;;
CAMPO ALEGRE;8220;;
URBANIZACION LA FRESNEDA ETAPA II;8221;;
SAN CARLOS;8222;;
URBANIZACION COOTEMCA;8223;;
URBANIZACION SANTA CATALINA;8224;;
SAN PABLO;8225;;
COOMVIVIR;8226;;
URBANIZACION SANTA ISABEL;8227;;
SAN JOAQUIN;8228;;
EL DANUBIO;8229;;
URBANIZACION LUIS CARLOS GALAN;8230;;
URBANIZACION LA VALENCIANA;8232;;
SANTA ANA NORTE;8233;;
URBANIZACION LA FRESNEDA ETAPA III;8234;;
CONDOMINIO EL HIGUERON;8235;;
CONDOMINIO VILLA CAMPESTRE;8236;;
LOS ALCAZARES;8238;;
URBANIZACION LA FRESNEDA ETAPA IV;8239;;
GUAYABAL;8240;;
SANTA ANA;8241;;
AVENIDAD BOYACA;8242;;
CALLE NUEVA;8243;;
EL EMBUDO;8244;;
CALLE VIDELA;8245;;
EL NARANJITO;8246;;
CALLE BAVARIA;8247;;
CALLE LA VIRGEN;8248;;
CALLE LAS FLOREZ;8249;;
CALLE LOS TUBOS;8250;;
CALLE SOR VASQUEZ;8251;;
CALLE CUNDINAMARCA;8252;;
CALLE LA VALENCIA;8253;;
CALLE LA RELOJERA;8254;;
CALLE LA LIBERAL;8255;;
CALLE LOS IMANES;8256;;
CALLE LA QUINTA;8257;;
CALLE LOS BALSOS;8258;;
CALLE LAS CONCHAS;8259;;
CALLE LA VICTORIA;8260;;
CENTENARIO;8261;;
CARRERA 11;8262;;
VIENTO LIBRE NORTE;8263;;
MONTE CHINO;8264;;
EL FIRME;8265;;
EL CAPRICHO;8266;;
SANTANDER;8267;;
EL JORGE;8268;;
BORRERO SOLANO;8269;;
ZONA FRANCA;8270;;
MUELLE PETROLERO;8271;;
ALFONSO LOPEZ PUMAREJO ETAPA I;8272;;
ALFONSO LOPEZ PUMAREJO ETAPA II;8273;;
SAN JORGE;8274;;
MURO YUSTI;8275;;
CALLE LA CHANBELONA;8276;;
CALLE LOS JUNTADOS;8277;;
CALLE LOS HURTADO;8278;;
CALLE GATO NEGRO;8279;;
CALLE CANDADO;8280;;
CALLE ASERIO EL ESFUERZO;8281;;
VIENTO LIBRE SUR;8282;;
EL ARENAL;8284;;
MORROCOY;8286;;
CALLES PIEDRAS CANTAN;8287;;
CALLE LA 15 Y 16;8288;;
LA TROJA;8289;;
LA PLAYITA;8290;;
CALLE SAN FRANCISCO;8291;;
PASCUAL DE ANDAGOYA;8292;;
LA PALERA;8293;;
PUNTA DEL ESTE;8294;;
SANTA CRUZ;8295;;
LA INMACULADA;8296;;
SANTAFE;8297;;
KENNEDY PARTE ALTA;8298;;
ZONA MADERERA;8299;;
ZONA PESQUERA;8300;;
EL PI—AL;8301;;
EL PORVENIR;8302;;
EL CAMPIN;8303;;
EL JARDIN;8304;;
BRISAS DEL MAR;8305;;
MIRAFLORES;8306;;
BOSQUE MUNICIPAL;8307;;
ISLA DE LA PAZ;8308;;
ORIENTE;8309;;
LA COMUNA;8310;;
NAVAL;8311;;
KENNEDY;8312;;
SAN LUIS;8313;;
SAN FRANCISCO;8314;;
JUAN XXIII;8315;;
EUCARISTICO;8316;;
ROCKEFELLER;8317;;
14 DE JULIO;8318;;
MUNICIPAL;8319;;
MODELO;8320;;
MARIA EUGENIA;8321;;
BELLAVISTA;8322;;
EL OLIMPICO;8323;;
EL CRISTAL;8324;;
TRANSFORMACION;8325;;
CIUDADELA DE PUERTOS;8326;;
EL GALEON;8327;;
LOS LAURELES;8328;;
AR-9;8329;;
SAN BUENAVENTURA;8330;;
LOS MANGLARES;8331;;
DO—A CECI;8332;;
12 DE ABRIL;8333;;
TURBAY AYALA;8334;;
6 DE ENERO;8336;;
GAMBOA;8337;;
INDEPENDENCIA;8338;;
AR-12;8339;;
CARLOS HOLMES TRUJILLO;8340;;
LA AMERICA;8341;;
SIMON BOLIVAR;8342;;
CAMILO TORRES;8343;;
EL PROGRESO;8344;;
LA FORTALEZA;8345;;
URBANIZACION COMFAMAR;8346;;
BAHIA;8347;;
LAS ACUARELAS;8348;;
LOS ALAMOS;8349;;
EL DORADO;8350;;
ANTONIO NARI—O;8351;;
CASCAJAL;8352;;
EL CARMEN;8353;;
CRISTOBAL COLON;8354;;
NUEVA COLOMBIA;8355;;
AR-11;8356;;
PANAMERICANO;8357;;
URBANIZACION INDERENA;8358;;
GRAN COLOMBIANA;8359;;
LOS PINOS;8360;;
ALFONSO LOPEZ MICHELSEN;8361;;
UNION DE VIVIENDA;8362;;
EL TRIUNFO;8363;;
EL RETEN;8364;;
NUEVA GRANADA;8365;;
LAS PALMAS;8366;;
NUEVA FRONTERA;8367;;
MATIAS MULUMBA;8368;;
EL RUIZ;8369;;
CABAL POMBO;8370;;
CALDAS;8371;;
LA LIBERTAD;8372;;
RAFAEL URIBE URIBE;8373;;
LA UNION;8374;;
LA GLORIA;8375;;
LA CAMPI—A;8376;;
VISTA HERMOSA;8377;;
BRISAS DEL PACIFICO;8378;;
NUEVO AMANECER;8379;;
EL CAMBIO;8380;;
JORGE ELIECER GAITAN;8381;;
LA DIGNIDAD;8382;;
PUERTA DEL MAR;8383;;
2O DE JULIO;8384;;
CITRONELA;8385;;
ZAMORANO;8386;;
URBANIZACION LOS MANGOS;8387;;
LA VEGA;8388;;
URBANIZACION BRISAS DEL NORTE;8390;;
URBANIZACION LOS CAIMITOS;8391;;
URBANIZACION VILLA DEL CAIMITO;8392;;
CORONADO;8393;;
URBANIZACION 2O DE JULIO;8394;;
URBANIZACION SIMON BOLIVAR;8395;;
URBANIZACION VILLA DIANA;8396;;
URBANIZACION LA ESPERANZA;8397;;
URBANIZACION MONTECLARO;8398;;
URBANIZACION VILLA DEL ROSARIO;8399;;
URBANIZACION HAROLD EDER;8400;;
URBANIZACION HUGO VARELA MONDRAGON;8401;;
SANTIAGO EDER;8402;;
CIUDADELA CONFAUNION;8403;;
URBANIZACION ENMANUEL;8404;;
POBLADO DE LOURDES;8405;;
CIUDAD BELEN;8406;;
CARBONERA;8407;;
PALMA REAL;8408;;
BOSQUES DE MORELIA;8409;;
URBANIZACION VILLA CLAUDIA;8410;;
INDUSTRIAL;8411;;
URBANIZACION IGNACIO TORRES GIRALDO;8412;;
URBANIZACION JUAN PABLO II;8413;;
URBANIZACION SANTA TERESITA;8414;;
LA BENEDICTA;8415;;
ESTONIA;8416;;
BERLIN;8417;;
SANTA ISABEL;8418;;
VERSALLES;8419;;
MIRRI—AO ALTO;8420;;
MIRRI—AO BAJO;8421;;
URBANIZACION LOS SAMANES;8422;;
LAS MERCEDES;8423;;
URBANIZACION SAMANES DE LA MERCED;8424;;
URBANIZACION ALMENARES DE LA MERCED;8425;;
SANTA MARIA DEL PALMAR;8426;;
URBANIZACION CAMPESTRE;8427;;
PORTAL DE LAS PALMAS;8428;;
URBANIZACION LLANOGRANDE;8429;;
URBANIZACION DEPARTAMENTAL;8430;;
URBANIZACION PARQUE DE LA MERCED;8431;;
URBANIZACION PLAZUELA DE LA MERCED;8432;;
VILLA DE CA—A MIEL;8433;;
POBLADO DE CONFAUNION;8434;;
ALTAMIRA;8435;;
FRAY LUIS AMIGO;8436;;
PRADO;8437;;
URBANIZACION SANTA ANA;8438;;
EMILIA;8439;;
LA CONCORDIA;8440;;
LLANOGRANDE;8441;;
ACACIAS;8442;;
POMONA;8443;;
BRISAS DEL BOLO;8444;;
SANTA BARBARA;8445;;
RIVERA ESCOBAR;8446;;
OLIMPICO;8447;;
URBANIZACION VILLA DE LAS PALMAS;8448;;
URBANIZACION BOSQUES DE SANTA BARBARA;8449;;
CASAS DE ALICANTO;8450;;
LORETO;8452;;
ALFONSO LOPEZ;8453;;
COLOMBIA;8454;;
SANTA RITA;8455;;
OBRERO;8456;;
SAN CAYETANO;8457;;
BIZERTA;8458;;
URIBE URIBE;8459;;
URBANIZACION PRADOS DE ORIENTE;8460;;
SAN PEDRO;8461;;
PROVIDENCIA;8463;;
LIBERTAD;8464;;
CAMPESTRE;8465;;
DANUBIO;8467;;
JOSE ANTONIO GALAN;8470;;
PALMERAS;8471;;
MARIA CANO;8472;;
POPULAR MODELO;8473;;
LOS SAUCES;8475;;
URBANIZACION 7 DE AGOSTO;8476;;
URBANIZACION EL JARDIN;8477;;
URBANIZACION EL BOSQUE BOSQUE;8478;;
PALMERAS DEL ORIENTE;8479;;
PALMERAS DE MARSELLA;8480;;
URBANIZACION BUENOS AIRES;8481;;
OTROS EL RETIRO;8482;;
LA ALAMEDA;8483;;
ZONA DE RESERVA;8484;;
URBANIZACION LA ESTRELLA;8485;;
CENTRAL;8486;;
LA TRINIDAD;8487;;
COLOMBINA;8488;;
LIBERTADORES;8489;;
FATIMA;8490;;
TRIUNFO;8491;;
CAICELANDIA;8492;;
URBANIZACION LAS FLORES;8493;;
URBANIZACION EL PARAISO;8494;;
CIUDADELA PALMIRA;8495;;
LUIS CARLOS GALAN;8496;;
BARRIO NUEVO;8497;;
RECREO;8499;;
SANTA CLARA;8500;;
URBANIZACION PETRUC;8501;;
URBANIZACION LAS AMERICAS;8502;;
ROZO;8503;;
LA TORRE;8504;;
LA ACEQUIA;8505;;
MATAPALO;8506;;
OBANDO;8507;;
LA HERRADURA;8508;;
PALMASECA;8509;;
CORONADO (RURAL);8510;;
ZAMORANO (RURAL);8511;;
LA DOLORES;8512;;
GUANABANAL;8513;;
CAUCASECO;8514;;
JUANCHITO;8515;;
BOLO SAN ISIDRO;8516;;
BOLO LA ITALIA;8517;;
BOLO ALIZAL;8518;;
NUEVO;8519;;
AMAIME;8520;;
BOYACA;8521;;
LA PAMPA;8522;;
CHAPINERO;8524;;
URBANIZACION GUAYACANES;8525;;
SESQUICENTENARIO;8526;;
LAS VICTORIAS;8527;;
URBANIZACION EL TREBOL;8528;;
URBANIZACION PORTALES DEL RECREO;8529;;
URBANIZACION LOS ROBLES;8530;;
GUAYACANES DEL INGENIO;8531;;
URBANIZACION LA PALMIRA;8532;;
URBANIZACION ALTOS DE MARANDUA;8533;;
TABLONES;8534;;
TIENDA NUEVA;8535;;
BARRANCAS;8537;;
AGUACLARA;8538;;
LA ZAPATA;8539;;
AYACUCHO;8540;;
COMBIA;8541;;
TOCHE;8542;;
POTRERILLO;8543;;
CALUCE;8544;;
TENJO;8545;;
BOSQUES DE MARACAIBO;8546;;
MARACAIBO;8547;;
LA GRACIELA;8549;;
RIO PAILA;8550;;
PORTALES DEL RIO;8551;;
URBANIZACION LA VILLA;8552;;
SANTA LUCIA;8553;;
NUEVO MORALES;8554;;
VILLA DEL SUR;8555;;
TULUA 35O A—OS;8556;;
VILLA LILIANA;8557;;
URBANIZACION LUSITANIA;8558;;
URBANIZACION MARANDUA;8559;;
NUEVO FARFAN;8560;;
EL DESCANSO;8561;;
POPULAR;8562;;
LAURELES ETAPA I;8563;;
LAURELES ETAPA II;8564;;
LOS TOLUES;8565;;
LA QUINTA;8566;;
ASOAGRIN FARFAN;8567;;
ROJAS;8568;;
VILLA COLOMBIA;8569;;
LA SANTACRUZ;8570;;
SAN PEDRO CLAVER;8573;;
LAS VERANERAS;8574;;
FARFAN;8575;;
PORVENIR;8579;;
AMERICANA DE VIVIENDA ETAPA I;8580;;
CHIMINANGOS;8581;;
RUBEN CRUZ VELEZ;8582;;
EL RETIRO;8585;;
VILLA DEL RIO;8586;;
SAN VICENTE DE PAUL;8588;;
FRANCISCANOS;8589;;
ALVERNIA;8590;;
CESPEDES;8591;;
NUEVO ALVERNIA;8592;;
ENTRE RIOS;8593;;
URBANIZACION LA RIVERA;8594;;
EL CONDOR;8596;;
SANTA RITA DEL RIO;8597;;
LAS OLAS;8598;;
ESCOBAR;8599;;
PALOBONITO;8600;;
SAJONIA;8601;;
SALESIANOS;8602;;
LA MERCED;8603;;
LAS ACACIAS;8604;;
LUSITANIA;8605;;
12 DE OCTUBRE;8606;;
EL PRINCIPE;8607;;
EL LAGO;8609;;
EL LAGUITO;8610;;
LA ESPERANZA;8611;;
LAS DELICIAS;8612;;
LA CEIBA;8613;;
EL PINAR;8614;;
JUAN DE LEMUS AGUIRRE;8615;;
DEPARTAMENTAL;8616;;
PRADOS DEL NORTE;8618;;
LOS OLMOS;8619;;
AMERICANA DE VIVIENDA ETAPA II;8620;;
HORIZONTE;8621;;
EL REFUGIO;8624;;
SAMAN DEL NORTE;8627;;
INTERNACIONAL;8628;;
EL PALMAR;8629;;
EL BOSQUESITO;8630;;
ALAMEDA ETAPA I;8632;;
ALAMEDA ETAPA II;8633;;
7 DE AGOSTO;8634;;
PROGRESAR;8635;;
PUEBLO NUEVO;8636;;
TOMAS URIBE URIBE;8637;;
SAN ANTONIO;8638;;
LAS BRISAS;8639;;
EL BOSQUE;8640;;
EL LIMONAR;8641;;
VILLANUEVA;8643;;
ESTAMBUL;8644;;
MORALES;8645;;
EL JAZMIN;8646;;
AVENIDA CALI;8647;;
LA BASTILLA;8648;;
PLAYAS;8649;;
VICTORIA;8650;;
CIUDAD CAMPESTRE;8651;;
VILLA CAMPESTRE;8652;;
CASA HUERTAS;8653;;
EL CENTRO;8654;;
EL CHILICOTE;8655;;
LAS NIEVES;8656;;
LAS AMERICAS;8659;;
ALTO SAN JORGE;8660;;
SAN JORGE BAJO;8662;;
PANORAMA;8663;;
LA ESTANCIA;8664;;
BELALCAZAR;8665;;
BOLIVAR;8666;;
URIBE;8667;;
FRAY PE—A MANUEL;8668;;
COMFANDI;8669;;
BUENOS AIRES;8670;;
CRUCES;8671;;
SAN FERNANDO;8672;;
NUEVO H;8673;;
PEDREGAL;8674;;
TRINIDAD ETAPA I;8675;;
TRINIDAD ETAPA II;8676;;
GUACANDA;8677;;
DIONISIO H. CALDERON;8678;;
LAS VEGAS;8679;;
MADRIGAL;8680;;
LLERAS;8681;;
FLORAL;8684;;
CARLOS P. GOMEZ;8686;;
INVIYUMBO LLERAS;8687;;
ARROYOHONDO;8688;;
LA RIVERA;8689;;
XIXAOLA;8690;;
PILES DAPA;8691;;
MIRAVALLE DAPA;8692;;
RINCON DAPA;8693;;
MEDIO DAPA;8694;;
ALTO DAPA;8695;;
LAS FLECHAS;8696;;
CORREGIMIENTO EL PEDREGAL;8697;;
FILO Y LAGUNA;8698;;
LA BUITRERA;8699;;
LA OLGA;8700;;
TELECOM;8701;;
EL PLACER;8702;;
MULALO;8703;;
MULALO BAJO;8704;;
PLATANARES;8705;;
BOLIVARIANO;8706;;
GENERAL SANTANDER;8707;;
VILLAS DE QUILICHAO;8708;;
LA CORONA ETAPA II;8709;;
LOS GUADUALES;8710;;
EL LIBERTADOR;8711;;
LA CORONA ETAPA I;8715;;
SANTA ANITA ETAPA III;8717;;
SANTA ANITA ETAPA II;8718;;
SANTA ANITA ETAPA I;8719;;
OLAYA HERRERA;8720;;
LA JOYITA;8723;;
NI—O JESUS DE PRAGA;8724;;
EL DORADO ETAPA II;8725;;
LA VICTORIA;8726;;
EL DORADO ETAPA I;8727;;
SAN JOSE;8728;;
MORALES DUQUE;8729;;
CIUDAD MODELO;8730;;
MORINDA;8731;;
BELEN;8732;;
EL ARROYO;8733;;
LOURDES;8734;;
EL CANALON;8736;;
URBANIZACION BETANIA;8738;;
PORVENIR ETAPA I;8740;;
PORVENIR ETAPA II;8741;;
PORVENIR ETAPA III;8742;;
NARI—O;8744;;
URBANIZACION NISA;8748;;
BAJO BUENOS AIRES;8749;;
DIANA MARIA;8752;;
EL COCLI;8754;;
EL GUAMAL;8755;;
EL QUINDIO;8757;;
GONZALO ECHEVERRI;8758;;
GUADUALITO;8759;;
LA BALVARENA;8760;;
LA DELFINA;8761;;
LA ISABELITA;8764;;
LIBRAIDA;8766;;
PAMMA;8769;;
V CENTENARIO;8773;;
ZARZALITO;8774;;
LA ZULIA;8776;;
RIVERAS DE YUMBO;8778;;
LOPEZ;8785;;
RIO FRAYLE;8786;;
MONCALENO;8787;;
ABSALON FAJARDO;8788;;
MARIA AUXILIADORA;8791;;
EL DINAMO;8792;;
CIUDAD SUR;8796;;
PORTAL DE JAMUNDI;8797;;
SACHAMATE;8800;;
PORTALES DEL JORDAN;8803;;
JOSE MARIA BARBOSA;8804;;
HACIENDA EL LLANO;8805;;
ROSARIO;8812;;
MONSERRATE;8815;;
EL CADILLAL;8816;;
COLOMBIA I - ETAPA;8818;;
UNIDOS;8821;;
BETANIA;8823;;
LUIS A. ROBLES;8824;;
CALLE LAS FLORES;8829;;
URBANIZACION LA FRONTERA;8835;;
KENEDY;8836;;
ASOPROVICO;8842;;
LAS ALMEIDAS;8843;;
SE—OR DE LAS COLUMNAS;8844;;
FRAY BARTOLOME;8847;;
GALAN;8851;;
COLINAS DEL NORTE;8852;;
ZARAGOCILLA;8853;;
SUMATAMBO;8856;;
IANE;8857;;
EL ARENILLO;8858;;
EL CAIRO;8862;;
DOS QUEBRADAS;8866;;
GUAYACANES I;8868;;
CALLEJON BOLERO;8869;;
VILLA DEL SAMAN;8879;;
LA ORLIDIA;8880;;
LOS CEDROS;8882;;
POBLADO CAMPESTRE;8892;;
ANGEL MARIA CAMACHO;8896;;
VILLA MONICA;8897;;
CIRO VELAZCO;8898;;
LA PRADERA;8899;;
VILLA ESTELA;8900;;
SINDICAL II;8904;;
GUAYACANES DEL RIO;8906;;
EL RETIRO ALTO;8907;;
EL GUAYABAL;8908;;
SANTA INES;8909;;
JORGE ELIECES GAITAN;8910;;
CARLOS LLERAS RESTREPO;8913;;
LA ELVIRA;8915;;
LEOPOLDO PIZARRO;8916;;
EL ATILLO;8921;;
EL TEJAR;8924;;
PUENTES LAS FLORES;8925;;
PUENTE MARQUEZ;8926;;
CATORCE DE AGOSTO;8932;;
VILLA DOCENTE;8938;;
CHIQUINQUIRA;8940;;
JORGE ELICER GAITAN;8941;;
LOS MARMOLES;8943;;
CABA—A;8944;;
ASNAZU;8949;;
QUINTAS ZAMORANO;8951;;
JOSE HILARIO LOPEZ;8952;;
BELLOHORIZONTE;8955;;
GOLGOTA;8956;;
CONDOMINIO ENTRE RIOS;8960;;
LOMO DE PIEDRA;8961;;
PAJONAL;8962;;
EL FRIJOL;8963;;
LA CHAZA;8965;;
SAGRADO CORAZON DE JESUS;8966;;
EL CANEY;8968;;
PUEBLITO VIEJO;8972;;
VIRREY;8975;;
LA LOMA;8976;;
ALCAZARES;8983;;
SANTA LIBRADA;8986;;
VARGAS;8991;;
INGENIO PROVIDENCIA;8992;;
SAUCES III;8994;;
LA SOLEDAD;8996;;
ORIENTAL;8997;;
PILOTO;9000;;
SE—OR DE LA MISERICORDIA;9002;;
URBANIZACION ALCALA;9003;;
ALAMOS;9005;;
PANAM;9006;;
LA ALEGRIA;9008;;
CAMBULOS;9009;;
EL ALTO;9019;;
POLICARPA;9023;;
LA TIZA;9025;;
LUIS AVELINO PEREZ;9027;;
HIPODROMO;9028;;
SAN RAFAEL;9029;;
ALTO DEL CASTILLO;9030;;
GINEBRA CENTRO;9034;;
SAN SEBASTIAN;9041;;
URB PACO HOYOS II;9042;;
LA LOMITA;9044;;
CALLE NUEVA CREACION;9050;;
TEQUENDAMA;9053;;
LA FLORIDA;9054;;
LA ASUNCION;9056;;
VILLA ADRIANA MARIA;9057;;
LA YE;9058;;
PORTALES DE COMFANDI;9060;;
PACARA;9062;;
LIMONAR;9065;;
HERNANDO GOMEZ;9066;;
COOINCER;9067;;
LA CAROLINA;9068;;
EL INSTITUTO;9069;;
ROBLES;9070;;
VILLA NANCY;9072;;
LOS PEREZ;9074;;
CALLE CORDOBA;9076;;
BRISAS DEL ROSARIO;9079;;
EL CAIRIO;9080;;
NI—O DIOS;9081;;
LA SULTANA;9082;;
LAS FERIAS;9084;;
MINUTO DE DIOS;9085;;
NUEVA ALIANZA;9091;;
LA PROMESA;9093;;
CANGREJO;9094;;
JORGE ROBLEDO;9095;;
LA LUCHA;9096;;
AVENIDA BOLIVAR;9097;;
PROGRESO;9100;;
MARILUZ I;9101;;
SONADORA;9102;;
POTRERITO;9109;;
PANDIACO;9110;;
LA PAILERIA;9112;;
CABAL MOLINA;9115;;
LA ERMITA;9119;;
CORVIVALLE;9120;;
ULLOA;9123;;
AGUALONGO;9124;;
LA MISERICORDIA;9127;;
LA MANCION;9128;;
RIOVISTA;9129;;
INGENIO DEL CAUCA;9130;;
LAS CAMIAS;9131;;
ZONA CENTRO;9135;;
CHONTADURO;9136;;
COFAVI;9138;;
GRAN COLOMBIA;9140;;
JESUS NAZARENO;9141;;
LAGOS DE SUBA;9143;;
MIRANDELA;9144;;
LOS TANQUES;9145;;
CIUDADELA DON PACO;9146;;
LA PISTA;9147;;
EL EDEN;9148;;
CARLOS PRIMERO;9149;;
TAMASAGRA;9150;;
URBANIZACION DO—A EMMA;9159;;
PE—A BLANCA;9160;;
CRUZ ROJA;9163;;
LAS DOS AGUAS;9166;;
VILLA ANDREA;9167;;
NAYITA;9169;;
CUARTO CENTENARIO;9173;;
PORTAL DE SABANA;9176;;
LA ADRIANITA;9179;;
UNION;9180;;
MOROCHILLO;9181;;
SAN IGNACIO;9182;;
MANUEL ESCOBAR;9187;;
SAN FERNADO;9190;;
LORENZO;9192;;
VILLARRICA;9195;;
PROVIVIENDA;9196;;
FLAMENCO;9200;;
DIAMANTE;9202;;
ALVARO H CAICEDO;9203;;
CINCUENTENARIO;9206;;
EL COLORADO;9207;;
DIEGO RENGIFO;9208;;
PUYANA;9209;;
QUINTAS DE JOSE MIGUEL;9211;;
LA NUEVA ERMITA;9213;;
EL ZAMAN;9214;;
COLINA CAMPESTRE;9215;;
SAN FRANCISCO DE ASIS;9217;;
ALTOS DE LA COLINA;9218;;
ANTONIO RICAURTE;9219;;
MAICIRA;9220;;
CASAS DE MOSCOPAN;9221;;
CANTARANA;9222;;
LOMITAS DE LA PAZ;9223;;
AVENIDA LA PLAYA;9225;;
CHAMBU II;9226;;
SANTA TERESA;9227;;
PALACE;9228;;
PINAR II;9229;;
EL BOLITO;9230;;
IGNACIO TORRES;9232;;
LOS BALCONES;9233;;
CORAZON DE JESUS;9234;;
COLOMBIANA;9235;;
PINOS DEL NORTE;9237;;
PEREZ;9238;;
LA LADERA;9240;;
EL MIRADOR;9241;;
LA POLA;9242;;
INGENIO MAYAGöEZ;9245;;
PANCHINITA;9247;;
SIRACUSA;9249;;
PORTALES DE NIZA;9251;;
EL DEAN BAJO;9258;;
LA ARBOLEDA;9259;;
JUAN PABLO II;9260;;
RICARDO HOLGUIN;9261;;
EL PILAR;9263;;
VILLAGUERRERO;9265;;
ASVIDE;9266;;
ALFAGUARA;9267;;
NIZA II;9271;;
CHILE;9273;;
PEKIN;9274;;
MERCEDES DEL NORTE;9276;;
LA COLINA;9277;;
CAPUSIGRA;9278;;
LA AURORA;9283;;
SANTIAGO;9284;;
LAS CUADRAS;9285;;
BERNAL;9287;;
AVENIDA SANTANDER;9289;;
SENDOYA;9290;;
EL MANZANO;9291;;
CIUDAD BERNA;9292;;
GUADUALES;9296;;
LA PORFIA;9297;;
URBANIZACION EL BOSQUE;9298;;
LA PLATA;9300;;
SAN AGUSTIN;9304;;
LA FRANCIA;9306;;
MARIDIAZ;9310;;
MIJITALLO;9313;;
MADRIGAL II;9314;;
UNIVERSITARIO;9315;;
ARNULFO GUERRERO;9318;;
VILLA FLOR I;9319;;
SAN JUAN DE DIOS;9320;;
BACHUE;9321;;
LA ESCALA;9322;;
BAVARIA;9323;;
ZARZAMORA;9324;;
PATIO BONITO;9325;;
CIUDAD JARDIN;9326;;
SOTOMAYOR;9327;;
MARIA OCCIDENTE;9328;;
CAMPAMENTO;9329;;
ARRAYAN;9330;;
VILLA DEL NORTE;9332;;
BELEN ALIADAS;9333;;
TRINIDAD;9334;;
HUMBERTO GONZALEZ;9335;;
FUNDADORES;9336;;
EL ALTILLO;9338;;
SAN ROQUE;9339;;
SAMARIA;9340;;
TOPACIO;9342;;
VILLA DEL ROSARIO;9344;;
LINARES;9345;;
SAN FELIPE;9346;;
FRANCISCO VILLOTA;9348;;
ESMERALDA;9350;;
OCCIDENTAL;9351;;
EL HOGAR;9356;;
CARLOS LLERAS;9357;;
VILLARECREO;9368;;
LA VEINTE;9369;;
ALIANZA;9370;;
ESPERANZA;9371;;
SUAREZ;9373;;
VENECIA;9374;;
LAS TRES MARGARITAS;9376;;
BOSA CARBONELL;9377;;
RECONSTRUCCION;9378;;
PALERMO;9380;;
MERCEDARIO;9384;;
CALLE DEL COMERCIO;9388;;
PLAZA VIEJA;9389;;
LA ESPA—OLA;9390;;
SUBA COMPARTIR;9391;;
LAS FLORES;9392;;
LOS CHILCOS;9393;;
VALLADOLID;9394;;
LAS TERMITAS;9395;;
PLAZAS VERDES;9396;;
CALLE ANTIOQUIA;9398;;
TOTORAL;9399;;
PUERTO ISAACS;9401;;
URBANIZACION LA CAMPI—A;9402;;
QUINTA PAREDES;9403;;
EL CEMENTERIO;9405;;
AIDA LUCIA;9407;;
CASTELVI;9408;;
LA VILLA;9411;;
ANDRES CORDOBA;9412;;
CIUDADELA COLPUERTOS;9414;;
EL NORTE;9416;;
CARLOS ALBERTO GUZMAN;9418;;
LA MINGA;9421;;
EL RAICERO;9422;;
LOS ESTUDIANTES;9425;;
CARLOS HOLGUIN;9428;;
SUR;9432;;
SUSANA LOPEZ;9438;;
RINCON COLONIAL;9443;;
COLINAS;9444;;
URB MIRAMAR;9445;;
VILLA ALEJANDRIA;9449;;
NOGALES;9450;;
INMACULADA;9451;;
SANTA TERECITA;9452;;
CHAMPAGNAT;9453;;
TOMAS CIPRIANO;9454;;
EL REY;9455;;
BOSTON;9457;;
LOS PRADOS;9459;;
CENTRO;9460;;
LA CAPILLA;9461;;
HUASIPANGA;9462;;
ROSA LINDA;9464;;
EL CINCUENTENARIO;9465;;
SAN SILVESTRE;9467;;
EMPORIO;9468;;
PARQUE INFANTIL;9469;;
COCICOIMPA;9471;;
CALAMARES;9472;;
QUIROGA;9473;;
PABLO VI;9475;;
LLORENTE;9476;;
PUENTE PRIMAVERA;9478;;
LOS MANDARINOS;9480;;
LOS COMUNEROS;9482;;
JOSE ILARIO LOPEZ;9484;;
SCHUMACHER;9487;;
SAN ANDRES;9488;;
LIBERTADOR;9489;;
EL OASIS;9491;;
PAN DE AZUCAR BAJO;9493;;
SAN PEDRO ALEJANDRINO;9495;;
AVENIDA BOYACA;9497;;
AQUINE;9498;;
LOS OLIVOS;9502;;
PIZARRO;9503;;
CRISTO REY;9509;;
LAS PALMERAS;9511;;
SAN DIEGO;9512;;
ALICANTE;9513;;
PRADERAS DEL NORTE;9515;;
RICAUTE;9516;;
NARANJAL;9517;;
CHINAYACO;9518;;
CORNELIO REYES;9519;;
3 DE MARZO;9521;;
LA GRANJA;9523;;
AMAZONIA;9524;;
GAVIOTAS;9526;;
LA ESTACION;9527;;
TERRONAL;9529;;
LAS VILLAS;9530;;
CARLOS PIZARRO;9531;;
ZONA MINERA;9534;;
SAN MIGUEL;9535;;
RINCON SANTA CECILIA;9537;;
NUEVO SOL;9538;;
LA PLAZA;9540;;
TIMIZA;9541;;
JOSE MARIA HERNANDEZ;9544;;
CASTILLOS DEL NORTE;9545;;
PUENES;9546;;
EL TUNAL;9548;;
EL MIRTO;9549;;
SAN MARTIN;9551;;
PASEO BOLIVAR;9552;;
LIMEDEC;9553;;
JAVERIANO;9554;;
VILLAS DEL SOL;9555;;
PANORAMA II;9573;;
CACHIPAY POBLADO;9574;;
GUALCALA;9576;;
PASO GRANDE;9577;;
AURORA;9578;;
LA CABA—A;9579;;
ROBLEDO;9581;;
RAPISUR;9584;;
QUINCHE;9585;;
LA ARGENTINA;9588;;
CACIQUE JACINTO;9589;;
ATAHUALPA;9590;;
AGUA AZUL;9591;;
CAMPO BELLO;9592;;
MONTEBELLO;9596;;
VILLA CAMPANELLA;9597;;
EL PARAMO;9598;;
CONSOLATA;9599;;
PUERTO LUZ;9600;;
EL OBRERO;9601;;
LA PALMA;9604;;
JARDIN DEL NORTE;9607;;
VILLA UNION;9608;;
QUINAMAYOR;9611;;
PARQUE BOLIVAR;9612;;
JOSE MARIA OBANDO;9615;;
LA COLOMBIANA;9616;;
SAN MARCOS;9618;;
ALTO LIMONAR;9628;;
EL SOL;9629;;
LUIS IGNACIO ANDRADE;9631;;
LAGOS;9633;;
TUNJUELITO;9635;;
AVENIDA IPIALES;9637;;
PALMAS;9639;;
CENTRONARI—O;9640;;
DEL MONTE;9642;;
COLON;9643;;
INGENIO RIOPAILA;9646;;
IV CENTENARIO;9647;;
EL ESPINAL;9648;;
URBANIZACION SAGI;9652;;
CANADA;9654;;
ALFONSO BOTERO;9657;;
LA ESTRELLA;9658;;
VILLA JAZMIN;9659;;
CALLEJON EL ENCANTO;9661;;
ROSABLANCA;9662;;
LA CRISTALINA;9663;;
MARCELLA;9664;;
QUEBRADA SECA;9667;;
CANTON NORTE;9668;;
OSPINA PEREZ;9669;;
LOS SAMANES;9670;;
EL SOCORRO;9671;;
BAJO FIRME;9672;;
EL MILAGRO;9673;;
EL ALCAZAR;9677;;
PUEBLITO VALLUNO;9679;;
VALENCIA;9680;;
CLUB DE LEONES;9682;;
VICTORIA NORTE;9683;;
LA JAGUA;9684;;
FUCHA;9686;;
VILLAHERMOSA;9687;;
INGENIO PICHICHI;9689;;
HACIENDA MERCED-AURORA;9690;;
EL PINO;9693;;
NESTLE;9695;;
COSTA RICA;9698;;
CAICEDO;9699;;
EL SAMAN;9702;;
LA MILAGROSA;9703;;
AVENIDA LA PLANTA;9706;;
VILLANUBIA;9708;;
GUATAPURI;9710;;
EL ESTADIO;9711;;
LA MAGNOLIA;9712;;
SANTA HELENA;9715;;
CALLE MOSQUERA;9718;;
LAS AURAS;9722;;
EL COMERCIO;9723;;
GAITAN;9729;;
SANTA ISABEL 2 ETAPA;9730;;
ASPRODICA;9731;;
LOS ALMENDROS;9732;;
ALGARROBO;9733;;
COMERCIO;9736;;
los cristales;9737;;
DOCE DE ABRIL;9739;;
CEILAN;9740;;
PANDIGUANDO;9741;;
LAS MARGARITAS;9743;;
EL SURCO;9744;;
TRES ESQUINAS;9745;;
CENTINELLA;9748;;
CAFETERO;9749;;
URBANIZACION LA ISABELA;9750;;
URBANIZACION VILLA ROSALBA;9756;;
MIRAMAR;9757;;
LA CURVA;9758;;
GUABINERO;9759;;
CALLE ARGENTINA;9760;;
EL PARQUE;9763;;
ORIENTE PEREZ;9764;;
VILLA MARINA;9766;;
PASO LA MARIA;9768;;
REFUGIO DEL SOL;9769;;
ALFONSO CAICEDO ROA;9771;;
MANUEL JOSE RAMIREZ;9774;;
POBLADO ROSARIO;9776;;
ALMENDROS;9780;;
NUEVA CREACION;9782;;
OVIEDO;9791;;
SAMANES;9792;;
ALTICO;9794;;
LAS CRUCES;9795;;
LA PRIMAVERA;9796;;
JARDIN;9797;;
SAHARA;9800;;
LA MARIA;9803;;
BENEDICTA;9804;;
NUEVO PRINCIPE;9808;;
SAN BERNABE;9812;;
LA PLANTA;9813;;
GUERRERO;9814;;
HERNANDO CAICEDO;9816;;
WALCOCHE;9817;;
LAS LAJAS;9820;;
ALCAZAR;9824;;
IPIRA;9826;;
BALSILLAS;9827;;
EUSTAQUIO PALACIOS;9829;;
LA GRAN VIA;9830;;
LA CRUZ;9833;;
SANTA CECILIA;9835;;
TRES DE MAYO;9836;;
CONCORDIA;9837;;
RAFAEL GONZALEZ;9839;;
EL;9841;;
AGUAZUL;9844;;
GAMMA;9847;;
LA CONCEPCION;9848;;
FLORALIA;9849;;
DIABLOS ROJOS;9850;;
FLORESTA II;9851;;
SOLARES DE LA MORADA;9852;;
EL MANANTIAL;9898;;
%PORTAL%;9900;;
BRISAS DE COLOYA;9906;;
ORITO;9907;;
QUINTAS DE BOLIVAR;9908;;
LA OLIVA;9911;;
GENERAL;9913;;
BRISAS DEL SAMAN;10003;;
DECEPAZ;10004;;
PUERTO TEJADA;10005;;
GRAMALOTE;10006;;
PUERTO CALDAS;10007;;
SAMAN;10008;;
ARRAYANES;10009;;
JOSE NOEL GIRALDO;10010;;
ALTOS DEL CASTILLO;10011;;
BELIZARIO CACEDO;10012;;
LA BUGUE—A;10013;;
PORTAL DE YUMBO;10014;;
%ALTOS%;10015;;
ALTOS DE GINEBRA;10016;;
VILLANOHEMY;10017;;
MAKUNAIMA;10018;;
NUEVA BASE;10019;;
EL LLANITO;10020;;
CALLE BOMBONA;10021;;
LA PILA;10022;;
CHIPRE;10023;;
EL FLORIDO;10024;;
CIUDAD REAL;10025;;
PETRUC;10026;;
ROCKHOLE;10027;;
JUAN DE AMPUDIA;10028;;
LA CABAÒA;10029;;
AVENIDA COLOMBIA;10030;;
POBLADO DOS;10031;;
JULIAN BUCHELLY;10032;;
VILLALINDA;10033;;
CIUDADELA 20 DE JULIO;10034;;
URBANIZACION CORAL;10035;;
BOMBEROS;10036;;
RINCON DE COMFANDI;10037;;
URBANIZACION SOTARA;10038;;
GALERIA;10039;;
VILLA CORELCA;10040;;
BRISAS DE COMUNEROS;10041;;
ANZOATEGUI;10042;;
LOS CEREZOS;10043;;
URBANIZACION BARRANQUILLA;10044;;
SANTA MARGARITA;10045;;
EL FUTURO;10046;;
MORALES DUQUI;10047;;
VEREDA DE LOS LAURELES;10048;;
LA UNION VICTORIA;10049;;
MORTI—AL;10050;;
AVENIDA DE LOS ESTUDIANTES;10051;;
RINCON DEL PARAISO;10052;;
LOS LIDERES;10053;;
SAGRADA FAMILIA;10054;;
QUINTAS DEL PALMAR;10055;;
VILLA DEL PALMAR;10056;;
CASAS BLANCAS;10057;;
AMAGA;10058;;
CONDOMINIO SOLARES LA MORADA;10059;;
URBANIZACION CUNA DEL SOL;10060;;
BELMONTE;10061;;
VILLAEPAL;10062;;
YARIGUIEZ;10063;;
URBANIZACION LLANO GRANDE;10064;;
CAMELIAS II;10065;;
MONTELIBANO;10066;;
LA XIMENA;10067;;
PIEDRA DE BOLIVAR;10068;;
LOS MADEROS;10069;;
EL PIÒAL;10070;;
EL TRONCO;10071;;
YAPURA;10072;;
VILLA SALEM;10073;;
URCUSIQUE;10074;;
LA TERRAZA;10075;;
TACAMOCHO;10076;;
VILLA VERGEL;10077;;
PUEBLO JOVEN;10078;;
BOTERO O BYRNE;10079;;
CALOTO;10080;;
FAJARDO;10081;;
CALIXTO;10082;;
SILVIO VASQUEZ;10083;;
DOS PUENTES;10084;;
MORASURCO;10085;;
SAN BERNARDO;10086;;
JOAQUIN BORRERO;10087;;
VILLA DE LOS ALPES;10088;;
COOSERVICIO;10089;;
TERCER MILENIO;10090;;
RIBERAS DEL ROSARIO;10091;;
PUCALPA;10092;;
PANORAMICO;10093;;
EL CANAL;10094;;
CALARCA;10095;;
URBANIZACION VILLA NELLY;10096;;
SIERRA MORENA;10097;;
SAN GERARDO;10098;;
PERLA DEL OTUN;10099;;
VILLA ITALIA;10100;;
QUINTAS DE DON PIO;10101;;
ANCON;10102;;
MALVINAS;10103;;
CAIMITOS;10104;;
EL TABLAZO;10105;;
NAZARETH;10106;;
LA ALDEA;10107;;
URAPAN;10108;;
CORDIALIDAD;10109;;
CALI MIO;10110;;
VEINTIOCHO DE MAYO;10111;;
CIUDAD SALITRE;10112;;
EL SABROSO;10113;;
HACIENDA BUENOS AIRES;10114;;
EL PEREZ;10115;;
PERIODISTAS;10116;;
PARQUE RESIDENCIAL EL BOSQUE;10117;;
VILLAALMENDROS;10118;;
CAMACHO;10119;;
VILLA VICENCIO;10120;;
FLORIAN;10121;;
QUITO LOPEZ II;10122;;
CHILLANQUER;10123;;
HABAS;10124;;
SICARARE;10125;;
PUENTE PALMA;10126;;
CUATRO ESQUINAS;10127;;
CALAMO;10128;;
RONDINELA;10129;;
VILLA MARLEN;10130;;
COVICEDROS;10131;;
CARACOLES;10132;;
CALIMIO NORTE;10133;;
GRAN VICTORIA;10134;;
URBANIZACION FRANCISCO JARAMILLO;10135;;
BALCONES II;10136;;
BUENA ESPERANZA;10137;;
ALTOS DE PARIS;10138;;
LA ROSA;10139;;
LA VIRGINIA;10140;;
VILLA MAYOR;10141;;
VILLA SOFIA;10142;;
LOS JARDINES;10143;;
AIRE LIBRE;10144;;
CUCASREMO;10145;;
ALTO VIENTO;10146;;
VALVANERA;10147;;
JIM POND;10148;;
LOS ELISEOS;10149;;
YULIMA;10150;;
CAICEDONIA;10151;;
INTERLAKEN;10152;;
MIJITAYO;10153;;
IDEMA;10154;;
%CASTELL%;10155;;
BOMBONA;10156;;
LA PANADERIA;10157;;
GUACAMAYAS;10158;;
PROTECHO;10159;;
PUEBLO ALTO;10160;;
VILLA SAN CARLOS;10161;;
LIBARDO BENAVIDEZ;10162;;
GARUPAL;10163;;
VILLA NELLY;10164;;
EZEQUIEL MORENO;10165;;
SYSTESOFT;10166;;
III MILENIO;10167;;
MULTICENTRO;10168;;
VILLA MAYOR ANTIGUA;10169;;
LA ELIZA;10170;;
LOS HOYOS;10171;;
LA ESNEDA;10172;;
SICANDES;10173;;
CALLE PRINCIPAL;10174;;
CHAQUIRA;10175;;
VILLA CATALINA;10176;;
AVENIDA CHILE;10177;;
URBANIZACION GUAMUEZ;10178;;
SAGI;10179;;
LA HEROICA;10180;;
PAEZ;10181;;
SAN JAVIER;10182;;
HUILA;10183;;
RIO BLANCO;10184;;
GUALCALOMA;10185;;
TIMANCO;10186;;
BRISAS DEL RIO FRAYLE;10187;;
EL LAURO;10188;;
PERALONSO;10189;;
TORTUGAS;10190;;
LA LORENA;10191;;
NUEVO FATIMA;10192;;
INGENIO SAN CARLOS;10193;;
QUIRIGUA;10194;;
FUELIO GOMEZ;10195;;
GIRARDOTH;10196;;
COMFENALCO;10197;;
MONTERILLA;10198;;
SORRENTO;10199;;
ARAUJO;10200;;
EL CASTILLO;10201;;
BACK ROAD;10202;;
BRASILIA;10203;;
SAN JUAN BAUTISTA;10204;;
PARCELACION ANDALUCIA;10205;;
CERRITOS DE LA PAZ;10206;;
LA CALERA;10207;;
EL RINCON DE LA AURORA;10208;;
EL SUR;10209;;
MAGISTERIO;10210;;
VILLA LUCIA;10211;;
VILLA VICTORIA;10212;;
VI—EDO;10213;;
VILLA EMMA;10214;;
LAS AGUITAS;10215;;
LOS CORALES;10216;;
PRESIDENTE;10217;;
ZARAGOZA;10218;;
NUEVO CHILE;10219;;
MARILUZ;10220;;
EL  POPAL;10221;;
PUEBLITO;10222;;
PALENQUE;10223;;
PORTALES DEL NORTE;10224;;
11 DE NOVIEMBRE;10225;;
ANGANOY;10226;;
LOS BRACEROS;10227;;
USUARIOS CAMPESINOS;10228;;
POBLADO I;10229;;
NICOLAS BORRERO;10230;;
GUAYABITO;10231;;
RIVERAS DEL ROSARIO;10232;;
ALTOS DE NORMANDIA;10233;;
BOTANILLA;10234;;
NUEVA ARANDA;10235;;
HILDA MARIA;10236;;
ADARVES DEL SALITRE;10237;;
LA MARTHA;10238;;
9 DE ENERO;10239;;
VILLAS DE SANFERNANDO;10240;;
ALBERTO YEPES;10241;;
ORTEGA CORRALES;10242;;
CLARITA BOTERO;10243;;
LA SERENA;10244;;
HAROLD HEDER;10245;;
PADILLA;10246;;
DOS AGUAS;10247;;
ASSIVIZA;10248;;
LA AVENIDA;10249;;
LA VIRGEN;10250;;
BARBACOAS;10251;;
VILLAS DE SAN RAFAEL;10252;;
FLORIDA NORTE;10253;;
URBANIZACION LA PAZ;10254;;
BOSQUES DE LA FONTANA;10255;;
HELENA SANTOS;10256;;
RAFAEL PUYO;10257;;
CIUDADELA CAFE;10258;;
EL PODER;10259;;
GARCIA HERREROS;10260;;
GARCIA HERRERA;10261;;
LA UNIVERSIDAD;10262;;
VILLAPALMAS;10263;;
EL ORTIGAL;10264;;
EL CONDADO;10265;;
TORRIJOS;10266;;
CALIMITA;10267;;
J.J JARAMILLO;10268;;
QUINTAS DE DON SIMON;10269;;
GUALANDAY;10270;;
MACUNAIMA;10271;;
INGENIO MANUELITA;10272;;
NUQUI;10273;;
PILAR II;10274;;
LA PALMIRANA;10275;;
ATALAYA;10276;;
VILLA DEL CARMEN;10277;;
SAN CAMILO;10278;;
ALTO REFUGIO;10279;;
CADILLAL;10280;;
FRANCISCO JARAMILLO;10281;;
URBANIZACION FLAMENCO;10282;;
COINSER;10283;;
CONTADOR;10284;;
URBANIZACION  TINAJAS;10285;;
PARQUES DEL BOSQUE;10286;;
ALTO JORDAN;10287;;
MONTECLARO;10288;;
CONJUNTO ANTIGUA;10289;;
LA REMONTA;10290;;
LA HORTENSIA;10291;;
ELEDER;10292;;
MINITAS;10293;;
CASALOMA;10294;;
NUEVA FLORESTA;10295;;
SAN ALONSO;10296;;
LA COOPERATIVA;10297;;
URBANIZACION LA FLORIDA;10298;;
SECTOR TUNIA;10299;;
CANALON;10300;;
ADRIANITA;10301;;
CUNA DEL SOL;10302;;
EL TRIANGULO;10303;;
PAMPAS DEL MIRADOR;10304;;
PORTADA DE COMFANDI;10305;;
PRADOS DEL CENTRO;10306;;
SAN BARTOLOME;10307;;
IBERIA;10308;;
VALLE DE LA FERREIRA;10309;;
CONFENALCO;10310;;
BUCHITOLO;10311;;
VILLA CANGREJO;10312;;
31 DE MARZO;10314;;
COMFAMILIAR;10315;;
JOSE JOAQUIN I;10316;;
EL PEDRERO;10317;;
EL SEMBRADOR;10318;;
TULIO VARON;10319;;
CIUDAD DEL CAMPO;10320;;
CIUDADELA TERRANOVA;10321;;
CONDADO DE CASTILLA;10322;;
VALPARAISO;10323;;
VILLA LINDA;10324;;
BENITO JUAREZ;10325;;
SOLAR DE LAS GARZAS;10326;;
CA—AVERAL OESTE;10327;;
YANACONAS;10328;;
BALCONES DE LA FLORA;10329;;
MAYAPAN;10330;;
URBANIZACION GRATAMIRA;10331;;
YESQUITA;10332;;
AGUA MARINA;10333;;
VILLAS DEL PUERTO;10334;;
AVENIDA CA—AS GORDAS;10335;;
MOLINOS DE LA ESTANCIA;10336;;
CHAMBACU;10337;;
EMPEDRADO;10338;;
RINCON DE LA FLORA;10339;;
ALVARO ESCOBAR;10340;;
VILLAS DEL MEDITERRANEO;10341;;
ARCADIA;10342;;
VILLA JARDIN;10343;;
YULDAIMA;10344;;
ALTO DE LA TAZA;10345;;
CEDRO GOLFI;10346;;
URESCA;10347;;
MIRIÒAO;10348;;
JOQUITA;10349;;
LOMAS DE GRANADA;10350;;
LA PAMBA;10351;;
LA CLARIDAD;10352;;
PUEBLILLO;10353;;
BAJO POLVORINES;10354;;
LA GAITANA;10355;;
COLINAS DEL REFUGIO;10356;;
ARMANDO VASQUEZ;10357;;
EL ARADO;10358;;
REMANZOS DE COMFANDI;10359;;
EL BRILLANTE;10360;;
VIVIENDA OBRERA;10361;;
PAIL”N;10362;;
CONTINENTAL;10363;;
LAS VENTAS;10364;;
PALO SECO;10365;;
PALOMESTIZO;10366;;
GUAVINERO;10367;;
ALFONSO LOPEZ PUMAREJO ETAPA III;10368;;
TAJO;10369;;
VILLA ANGELA;10370;;
CEVILLAR;10371;;
PORTAL DE LAS CEIBAS;10372;;
GALICIA;10373;;
PIAMONTE BAJO;10374;;
QUINTAS DEL SOL;10375;;
HOJARASCA;10376;;
CORONA 1;10377;;
SOLIDARIDAD;10378;;
SEIBAS;10379;;
PUERTAS DEL SOL;10380;;
YESCA GRANDE;10381;;
FRAY PE—A;10382;;
ALTA SUIZA;10383;;
NUEVO DESPERTAR;10384;;
BARRANQUILLA;10385;;
JESUS CAUTIVO;10386;;
VILLAZARZAL;10387;;
ZACARIAS RIO DAGUA;10388;;
VIOLETAS 2;10389;;
MUTIS;10390;;
CATUMARE;10391;;
CIUDADELA COLSUBSIDIO;10392;;
EMILIO BOTERO;10393;;
SERREZUELA;10394;;
LA FACHADA;10395;;
PUEBLITO PAISA;10396;;
PORTAL DEL SAMAN II;10397;;
EL RUBI;10398;;
PRADO VERANIEGO;10399;;
LA CUMBRE;10400;;
EL PORTAL;10401;;
SAN JOSÈ OBRERO;10402;;
URBANIZACION FLOR DE LA CAMPANA;10403;;
URBANIZACION VILLA MARIA;10404;;
BOSQUES DE LA COLINA;10405;;
PAPAYAL;10406;;
BRISAS DEL MAR #2;10407;;
CAÒAVERALES III;10408;;
CENTRAL VILLA GORGONA;10409;;
VILLA ALEJANDRA;10410;;
OBREROS DE CRISTO;10411;;
PORTALES DE BUGALAGRANDE;10412;;
EL PICACHO;10413;;
SANTA INES DE COMFAMILIAR;10414;;
VILLA NUEVA;10415;;
LA PLAZUELA;10416;;
GUYANA;10417;;
LA BASE;10418;;
CENTRO SOLARTE;10419;;
LOS MAYALES;10420;;
VILLA CARI—O;10421;;
ARKACENTRO;10422;;
CIUDADELA SAN MARCOS;10423;;
SALAMINA;10424;;
VILLA TATIANA;10425;;
VILLAS DE LA HACIENDA;10426;;
POTRERO GRANDE;10427;;
VARSOVIA;10428;;
PARTIDERO;10429;;
TEJARES;10430;;
LOS CHANCOS;10431;;
TERRANOVA;10432;;
SUERTE 90;10433;;
NN1;10434;;
NN2;10435;;
NN3;10436;;
NN4;10437;;
NN5;10438;;
NN7;10439;;
